,night?,,,,,,,,,
2023_04_05_20_33_36.mp4,,i,,,,,,,b,
2023_04_05_20_35_33.mp4,,,,,,,,,b,
2023_04_05_20_57_05.mp4,,i,,,,,,,b,a
2023_04_05_21_03_14.mp4,,i,,,,,,,b,a
2023_04_05_23_35_23.mp4,,i,,,,,,,b,
2023_04_06_00_02_52.mp4,y,,g,,,,,,b,a
2023_04_06_00_39_56.mp4,y,,g,,,,,,b,a
2023_04_06_00_41_34.mp4,y,,g,,,,,,b,a
2023_04_06_02_14_28.mp4,y,,g,,,,,,b,a
2023_04_06_18_15_41.mp4,,i,,,,,j,,b,
2023_04_06_19_53_43.mp4,,i,,,,a,,c,b,
2023_04_06_20_29_46.mp4,,i,,,,a,,,b,
2023_04_06_20_35_25.mp4,,i,,r,s,,,,b,
2023_04_06_22_00_36.mp4,,,,,,a,,,b,
2023_04_06_23_53_11.mp4,y,,g,,,,,,b,a
2023_04_07_00_06_02.mp4,y,,g,,,,,,b,a
2023_04_07_00_38_29.mp4,y,i,,r,s,,,,b,a
2023_04_07_00_44_04.mp4,y,i,,,,,,,b,a
2023_04_07_02_21_27.mp4,y,,g,,,,,,b,a
2023_04_07_11_26_45.mp4,,i,,,,,,,b,
2023_04_07_11_29_28.mp4,,,,,,,,,,
2023_04_07_11_34_58.mp4,,,,,,,,,,
2023_04_07_11_51_29.mp4,,,,,,,,,,
2023_04_07_12_12_23.mp4,,,,,,,,,,
2023_04_07_12_17_14.mp4,,,,,,,,,,
2023_04_07_12_35_02.mp4,,,,,,,,,,
2023_04_07_12_38_13.mp4,,,,,,,,,,
2023_04_07_12_46_54.mp4,,,,,,,,,,
2023_04_07_12_50_43.mp4,,,,,,,,,,
2023_04_07_12_52_25.mp4,,,,,,,,,,
2023_04_07_12_58_22.mp4,,,,,,,,,,
2023_04_07_15_38_44.mp4,,,,,,,,,,
2023_05_01_20_12_30.mp4,,,,,,,,,,
2023_05_01_20_14_08.mp4,,,,,,,,,,
2023_05_01_20_54_51.mp4,,,,,,,,,,
2023_05_01_21_14_37.mp4,,,,,,,,,,
2023_05_01_21_33_18.mp4,,,,,,,,,,
2023_05_01_22_09_10.mp4,,,,,,,,,,
2023_05_01_22_13_14.mp4,,,,,,,,,,
2023_05_01_22_17_42.mp4,,,,,,,,,,
2023_05_01_22_18_58.mp4,,,,,,,,,,
2023_05_01_22_54_26.mp4,,,,,,,,,,
2023_05_02_00_52_59.mp4,,,,,,,,,,
2023_05_02_10_00_28.mp4,,,,,,,,,,
2023_05_02_12_11_33.mp4,,,,,,,,,,
2023_05_02_19_13_05.mp4,,,,,,,,,,
2023_05_02_19_25_22.mp4,,,,,,,,,,
2023_05_02_20_27_53.mp4,,,,,,,,,,
2023_05_02_22_29_13.mp4,,,,,,,,,,
2023_05_02_23_17_48.mp4,,,,,,,,,,
2023_05_02_23_18_52.mp4,,,,,,,,,,
2023_05_02_23_19_44.mp4,,,,,,,,,,
2023_05_03_01_15_11.mp4,,,,,,,,,,
2023_05_03_11_04_45.mp4,,,,,,,,,,
2023_05_03_12_09_45.mp4,,,,,,,,,,
2023_05_03_12_11_54.mp4,,,,,,,,,,
2023_05_03_20_06_52.mp4,,,,,,,,,,
2023_05_03_20_51_38.mp4,,,,,,,,,,
2023_05_03_20_55_19.mp4,,,,,,,,,,
2023_05_03_21_08_40.mp4,,,,,,,,,,
2023_05_03_21_13_56.mp4,,,,,,,,,,
2023_05_03_21_18_53.mp4,,,,,,,,,,
2023_05_03_21_21_19.mp4,,,,,,,,,,
2023_05_03_21_22_51.mp4,,,,,,,,,,
2023_05_24_01_57_22.mp4,,,,,,,,,,
2023_05_24_02_01_50.mp4,,,,,,,,,,
2023_05_24_02_06_02.mp4,,,,,,,,,,
2023_05_24_02_08_52.mp4,,,,,,,,,,
2023_05_24_09_31_11.mp4,,,,,,,,,,
2023_05_24_09_47_50.mp4,,,,,,,,,,
2023_05_24_09_52_27.mp4,,,,,,,,,,
2023_05_24_09_57_55.mp4,,,,,,,,,,
2023_05_24_09_59_32.mp4,,,,,,,,,,
2023_05_24_10_05_01.mp4,,,,,,,,,,
2023_05_24_10_21_24.mp4,,,,,,,,,,
2023_05_24_12_10_34.mp4,,,,,,,,,,
2023_05_24_12_29_31.mp4,,,,,,,,,,
2023_05_24_14_14_40.mp4,,,,,,,,,,
2023_05_24_14_45_49.mp4,,,,,,,,,,
2023_05_24_19_14_17.mp4,,,,,,,,,,
2023_05_24_19_16_09.mp4,,,,,,,,,,
2023_05_24_19_22_46.mp4,,,,,,,,,,
2023_05_24_19_39_00.mp4,,,,,,,,,,
2023_05_24_20_05_53.mp4,,,,,,,,,,
2023_05_24_20_45_03.mp4,,,,,,,,,,
2023_05_24_20_52_41.mp4,,,,,,,,,,
2023_05_24_20_53_41.mp4,,,,,,,,,,
2023_05_24_20_55_38.mp4,,,,,,,,,,
2023_05_24_21_03_24.mp4,,,,,,,,,,
2023_05_24_21_58_17.mp4,,,,,,,,,,
2023_05_24_22_19_20.mp4,,,,,,,,,,
2023_05_24_22_26_17.mp4,,,,,,,,,,
2023_05_25_10_49_11.mp4,,,,,,,,,,
2023_05_25_10_51_15.mp4,,,,,,,,,,
2023_05_25_10_56_49.mp4,,,,,,,,,,
2023_05_25_12_16_38.mp4,,,,,,,,,,
2023_05_25_14_35_37.mp4,,,,,,,,,,
